Title,AgentCompanyName,BC Agent Name,BC Vendor Code,Other Remarks
216,MV Test,,,N/A
838,A PLUS EDUCATION CONSULTING SERVICE - Taiwan,,,N/A
877,AC SERVICES ENTERPRISE - Kota Kinabalu,,,N/A
880,ACADEMIC ASIA - Taiwan,Academic Asia Taiwan,108003120,
892,ACE ACADEMIC AND CONTINUING EDUCATION LIMITED - Hong Kong,,,N/A
898,ACIC AUSTRALIAN COLLEGE INFORMATION CENTRE - Sydney,ACIC Pty Ltd,A108000707,
901,ACOS EDUCATION CENTRE - Sydney,,,N/A
922,AEA AUSTRALIA EDUCATION ASSOCIATION - Perth,,,N/A
923,AEC AUSTRALIAN EDUCATION CONSULTANCY LIMITED - Hong Kong,AEC International Education Pty Ltd,A108001078,
936,AEO - Pakistan,AEO Pakistan,108000535,
992,ALFALINK - Surabaya,Alfalink,A108000872,
1590,AMET EDUCATION - Taipei,AMET Education Pty Ltd,108002648,
1636,APEX EDUCATION CONSULTANT - Bangkok,,,N/A
1676,AS STUDENT SERVICES - Sydney,AS Student Service,A108000038,
1678,STUDYZONE - Jakarta,Studyzone,A108001778,
1689,ASIA - EUROPE CO LTD - Ho Chi Minh,,,N/A
1692,Aspectama International Student Advisor,,,N/A
1709,ASTON EDUCATION - Hong Kong,Aston Education,108000784,
1740,AUG - Melbourne,AusEd-UniEd International Pty Ltd,A108000045,
1741,AUG - Melaka,AusEd-UniEd International Pty Ltd,A108000045,
1744,AUG - Subang Jaya,AusEd-UniEd International Pty Ltd,A108000045,
1750,AUG - Sydney,AusEd-UniEd International Pty Ltd,A108000045,
1752,AUSASIA INTERNATIONAL INSTITUTE - Taiwan,,,N/A
1753,AUSCAN CONSULTANTS - Chandigarh,,,N/A
1756,AUG - Singapore,AusEd-UniEd International Pty Ltd,A108000045,
1771,S7 Study,,,N/A
1773,AUSTRALIA GO PTY LTD - Queensland,Australia GO,A108000854,
1779,AUSTRALIA TAIWANESE OVERSEAS STUDENT SERVICE CENTRE - Sydney,,,N/A
1782,AUSTRALIAN CENTRE - Parkville,,,N/A
1789,INFORMATION PLANET - Sydney,,,N/A
1821,AUSTRALIAN INTERNATIONAL EDUCATION SERVICES (AIES),,,N/A
1832,AUSTRALIAN VISA AND STUDENT SERVICES - Sydney,Australian Visa & Student Services,108000068,
1868,BADA EDUCATION - Seoul,Bada Education Centre SEOUL,A108000469,
1869,BADA EDUCATION - Busan,Bada Education Centre SEOUL,A108000469,
1871,BADA EDUCATION - Sydney,BaDa Edu Cntr Sydney,A108000071,
1872,BADA EDUCATION - Adelaide,BaDa Edu Cntr Sydney,A108000071,
1988,"JJL Overseas Education Consulting and Service Co., Ltd.",,,N/A
1989,AOJI EDUCATION GROUP - Beijing,AOJI Enrolment Centre of International Education,10800163,
1993,BEIJING ZIMING CULTURAL AND COMMUNICATION CO LTD - Beijing,IAE China-Beijing Huatongxinnuo Intl Cult Exch Ctr,108001440,
2148,BRIDGE BLUE Pty Ltd -Sydney,Bridge Blue Pty Ltd,A108000621,
2256,Campus Studies LTD.,Campus Studies Ltd,A108000640,
2477,CHENGDU HUAYING CONSULTING AND SERVICE CO LTD - China,,,N/A
2493,CHIAO SHUN INTERNATIONAL PTY LTD - Taipei,,,N/A
2523,CHONGRO OVERSEAS EDUCATIONAL INSTITUTE - Seoul,Chongro Overseas Educational Institute,108000599,
2592,CMS (PTE) LTD - Singapore,,,N/A
2791,COSMO EDUCATION - Jakarta,Cosmo Education,A108001051,
2826,CP EDUCATION AND MIGRATION - Melbourne,CP Education Australia,A108000116,
2827,Craggy Range Vineyards Ltd,,,N/A
2923,DADI OVERSEAS STUDIES SERVICE CENTRE,DADI Overseas Studies Service Centre,108000615,
2926,D.H EDUCATION (DAEHAN EDUCATION CENTRE) - Sydney,,,N/A
3056,DK SCIENCE AND LEARNING - Sydney,DK Science and Learning,A108000135,
3063,STUDY SA (formerly DOM Education) - Adelaide,,,N/A
3064,DOM EDUCATION - Brisbane,,,N/A
3075,DOOSAN EDU INTERNATIONAL - Korea,,,N/A
3107,DUC ANH OVERSEAS STUDY ADVISORY & TRANSLATION Joint Stock Company - Hanoi,Duc Anh Advisory & Translation Edu,108001013,
3191,EDEN EDUCATION & MIGRATION CENTRE - Sydney,,,N/A
3196,EDLINK + CONNEX - Indonesia,Edlink + Connex Intnl Edu Cons,A108000643,
3203,EDLOCATE (PVT) LTD - Sri Lanka,,,N/A
3205,EDM EDUCATION - Gangnam,EDM Education,A108001451,
3211,EDU WORLD - Mumbai,EduWorld International,A108000703,
3231,EdSA,,,N/A
3240,EDUGLOBAL - Beijing,EduGlobal China Limited,A108001033,
3241,EDUGLOBAL - Guangzhou,EduGlobal China Limited,A108001033,
3247,EDUWORLD - Jakarta,EduWorld International,A108000703,
3257,EIC GROUP - Guangzhou,EIC Group Ltd,A108000913,
3597,FIRST GLOBAL EDUCATION CONSULTING SERVICE LTD - Hong Kong,First Global Education Ltd,A108001464,
3658,FORTRUST INTERNATIONAL - Sydney,Fortrust Education Services Indonesia,108001612,
3659,FORTRUST INTERNATIONAL - Jakarta,Fortrust Education Services Sydney,A108000174,
3740,FRONTIER PLANNING INTERNATIONAL - Melbourne,Frontier Planning International,A108000853,
3741,FRONTIER PLANNING INTERNATIONAL - Taipei,Frontier Planning International,A108000853,
3755,FUTURE EDUCATION CONSULTANCY - Jakarta,Future Edu Cons,A108000773,
3798,GEEBEE EDUCATION PVT LTD - Mumbai,Leap Geebee Edtech Private Limited,A108003654,
3870,GEA GLOBAL EDUCATION ALLIANCE - Hong Kong,Global Education Alliance Limited,A108001116,
3880,GLOBAL REACH - Kolkata,"Global Reach Education Services Private Ltd
",108002567,
3952,GRACE EDUCATION - Queensland,Grace Education Pty Ltd,A108001822,
4058,ADELAIDE UHAK CENTRE- Adelaide,Adelaide Uhak,108002449,
4165,HOJUHELPER EDUCATION CENTRE - Sydney,Hojuhelper Education Centre,A108001125,
4201,HONEW CONSULTING GROUP - Seoul,Honew Consulting Group Pty Ltd,A108001117,
4203,HONG KONG EDUCATION WEB - Hong Kong,Hong Kong Education Web Ltd,A108000543,
4205,HONG KONG OVERSEAS STUDIES CENTRE - Hong Kong,Hong Kong Overseas Studies Centre,108001445,
4282,-,,,N/A
4292,I WORLD INTERNATIONAL GROUP PTY LTD - Sydney,I World Global - Sydney,108003502,
4304,IS EDUCATION - Melbourne,,,N/A
4309,I EDU NET - Melbourne,IAE EDU NET - SYDNEY,108002694,
4311,SOL EDU (Formally iAE Edu Net) - Brisbane,SOL Edu,108002969,
4313,IAE EDU NET - Seoul,"IAE Edu Net, Seoul, KOREA",A108000218,
4315,iae GLOBAL - Sydney (Regional Head Office),IDP Education Pty Ltd,A108000222,
4318,IAE EDU NET - Perth,IDP Education Pty Ltd,A108000222,
4334,IDP EDUCATION - Gujarat,IDP Education Pty Ltd,A108000222,
4337,IDP EDUCATION - Bahrain,IDP Education Pty Ltd,A108000222,
4338,IDP EDUCATION - Jakarta,IDP Education Pty Ltd,A108000222,
4340,IDP EDUCATION - Karnataka,IDP Education Pty Ltd,A108000222,
4341,IDP EDUCATION - Bangkok,IDP Education Pty Ltd,A108000222,
4342,IDP EDUCATION - Bangladesh,IDP Education Pty Ltd,A108000222,
4343,IDP EDUCATION - Beijing (Haidian and Chaoyang),IDP Education Pty Ltd,A108000222,
4352,IDP EDUCATION - Cambodia,IDP Education Pty Ltd,A108000222,
4355,IDP EDUCATION- Punjab,IDP Education Pty Ltd,A108000222,
4357,IDP EDUCATION - Chennai,IDP Education Pty Ltd,A108000222,
4359,IDP EDUCATION - Chiang Mai,IDP Education Pty Ltd,A108000222,
4360,IDP EDUCATION - Colombo,IDP Education Pty Ltd,A108000222,
4362,IDP EDUCATION - Penang,IDP Education Pty Ltd,A108000222,
4364,IDP EDUCATION - Ho Chi Minh,IDP Education Pty Ltd,A108000222,
4370,IDP EDUCATION - Seoul,IDP Education Pty Ltd,A108000222,
4371,IDP EDUCATION - Gurgaon,IDP Education Pty Ltd,A108000222,
4372,IDP EDUCATION - Hanoi,IDP Education Pty Ltd,A108000222,
4374,IDP EDUCATION - Hong Kong,IDP Education Pty Ltd,A108000222,
4375,IDP EDUCATION - Hyderabad,IDP Education Pty Ltd,A108000222,
4381,IDP EDUCATION - Johor Bahru,IDP Education Pty Ltd,A108000222,
4382,IDP EDUCATION - Kaohsiung,IDP Education Pty Ltd,A108000222,
4385,IDP EDUCATION - Kuala Lumpur,IDP Education Pty Ltd,A108000222,
4387,IDP EDUCATION - Kuching,IDP Education Pty Ltd,A108000222,
4393,IDP EDUCATION - Philippines,IDP Education Pty Ltd,A108000222,
4394,IDP EDUCATION - Mauritius,IDP Education Pty Ltd,A108000222,
4398,IDP EDUCATION - Mumbai,IDP Education Pty Ltd,A108000222,
4399,IDP EDUCATION - Nanjing,IDP Education Pty Ltd,A108000222,
4402,IDP EDUCATION - New Delhi,IDP Education Pty Ltd,A108000222,
4403,IDP EDUCATION - Oman,IDP Education Pty Ltd,A108000222,
4410,IDP EDUCATION - Shanghai,IDP Education Pty Ltd,A108000222,
4411,IDP EDUCATION - Singapore,IDP Education Pty Ltd,A108000222,
4414,IDP EDUCATION - Subang Jaya,IDP Education Pty Ltd,A108000222,
4418,IDP EDUCATION - Sydney,IDP Education Pty Ltd,A108000222,
4419,IDP EDUCATION - Taichung,IDP Education Pty Ltd,A108000222,
4420,IDP EDUCATION - Taipei,IDP Education Pty Ltd,A108000222,
4422,IDP Education- United Arab Emirates,IDP Education Pty Ltd,A108000222,
4428,IEDUCATION AND TRAINING GROUP - Hong Kong,iEducation & Training Group,108000630,
4429,IEN GLOBE LIMITED (IENG) - China,IEN Globe Limited,A108000980,
4532,INTERNATIONAL EDUCATION CONSULTANCY - Malaysia,IEC (International Education Consultancy),A108000223,
4535,INTERNATIONAL EDUCATION SPECIALISTS - Philippines,International Education Specialists,A108000238,
4554,INTERNATIONAL STUDENT EXCHANGE SERVICES (ISES) - Melbourne,International Student Exchange Services Pty Ltd,A108000240,
4555,INTERNATIONAL STUDENT EXCHANGE SERVICES (ISES) - Shanghai,International Student Exchange Services Pty Ltd,A108000240,
4557,ISN - INTERNATIONAL STUDENT NETWORK - Sydney,ISN - International Student Network,108002213,
4559,INTERNATIONAL STUDENT SUPPORT NETWORK (ISSN) - Melbourne,International Student Support Network,A108000955,
4562,INTERNATIONAL STUDIES SERVICE CENTRE (ISSC) - Kowloon,International Studies Service Centre,108002562,
4581,INTRODUCING AUSTRALIA STUDIES CENTRE - Hong Kong,Introducing Australia Studies Centre,A108000948,
4590,ISC-EDUCATION.;JSC - Hanoi,,,N/A
4643,JASON INTERNATIONAL EDUCATION - Taipei,Jason International Education Services Co,A108000250,
4679,JM EDUCATION GROUP BERHAD - Malaysia,JM EDUCATION GROUP BHD,A108001087,
4716,JRIS INTERNATIONAL CONSULTING CO LTD - Taipei,JRIS International Consulting Co Ltd,A108000949,
4723,JUN STUDYCARE - Sydney,Jun Studycare,A108000513,
4736,K & O MIGRATION AND EDUCATION SERVICES - Sydney,,,N/A
4744,KAAISER SERVICES PRIVATE LIMITED,Kaaiser Services Private Limited,A108000258,
4800,KeyWay International Education,KeyWay Interational Education Ltd,A108001101,
4815,Kiosk Colombia,,,N/A
4849,KOALA EDUCATION CENTRE - Sydney,Koala Education Centre,108000516,
4852,KOKOS INTERNATIONAL - Adelaide,KOKOS International Adelaide,108000705,
4853,KOKOS INTERNATIONAL - Brisbane,KOKOS International  Brisbane,108001184,
4854,KOKOS INTERNATIONAL - Seoul,KOKOS International Seoul/Korea,A108000264,
4855,KOKOS INTERNATIONAL - Melbourne,KOKOS INTERNATIONAL MELBOURNE ,108002697,
4856,KOKOS INTERNATIONAL - Perth,KOKOS International Pty Perth,108000464,
4858,KOKOS INTERNATIONAL - Sydney (Head Office),KOKOS International Sydney,A108000612,
4988,LATINO AUSTRALIA EDUCATION - Bogota,Latino Australia Education SA (LAE),108003370,
4989,LATINO AUSTRALIA EDUCATION - Medellin,Latino Australia Education SA (LAE),108003370,
4993,LATINO AUSTRALIA EDUCATION - Lima,Latino Australia Education SA (LAE),108003370,
4995,LATINO AUSTRALIA EDUCATION  - Cali,Latino Australia Education SA (LAE),108003370,
5114,LINK Education International Student Consulting,,,N/A
5266,MMS - MARKET MANAGEMENT SERVICES SDN BHD - Kuching,Market Managewment Services SDN BHD,108002984,
5330,MCI Turkiye International Education Turkey,MCI Turkiye International Education,A108001060,
5563,NEPTUNE EDUCATIONAL CONSULTANTS - Ahmedabad,Neptune Educational Consultants Pvt Ltd,A108001671,
5625,NOBLE HUMAN - Sydney,Noble Human Education and Migration,A108001001,
5685,OAL,,,N/A
5688,OCEANIC CONSULTANTS - Chandigarh,Oceanic Consultants Australia P/L,A108001113,
5694,OEC GLOBAL EDUCATION CO. LTD - Bangkok,OEC Global Education,A108001114,
5706,Olive Institute for International Education,,,N/A
5767,OZSTUDY.NET - Melbourne,Ozstudy Group Pty Ltd,A108001628,
5938,PLANET EDUCATION - Ahmedabad,Planet Education,A108001362,
5981,PRIME UHAK NET PTY LTD - Sydney,Prime Uhak Net P/L,108002285,
5994,PROFESSIONAL INTEREDUCATION CO LTD - Bangkok,Professional InterEducation Co,A108000337,
5999,PROGRESS STUDY CONSULTANCY - Jakarta,Progress Study Consultancy,A108001124,
6050,"QUOC ANH IEC Co., Ltd - Ho Chi Minh",Quoc Anh IEC Co Ltd,A108000486,
6071,Rainbow Education Consultancy,Rainbow Education Consultancy,108000751,
6086,READ ABROAD CONSULTANTS PVT LTD - Secunderabad,Read Abroad Consultants Pvt Ltd,A108001115,
6223,S AND K INTERNATIONAL EDUCATION - Bangkok,S and K International Education Pty Ltd,108003509,
6224,S AND K INTERNATIONAL EDUCATION - Sydney,S and K International Education Pty Ltd,108003509,
6229,S.H SYDNEY HUB EDUCATION CENTRE - Sydney,,,N/A
6354,SET EDUCATION - Hanoi,SET Education,A108001645,
6365,SHANGHAI CIIC EDUCATION INTERNATIONAL - Shanghai,Shanghai CIIC Education International Co. Ltd,A108000753,
6388,Shenyang Han Terry Consultancy Co. Ltd.,Shenyang Han Terry Consultancy Co. Ltd,A108000671,
6420,SIEC EDUCATION PRIVATE LIMITED - New Delhi,SIEC Education Pvt. Ltd,108003719,
6525,SOUTHERN HEMISPHERE OVERSEAS STUDY CENTRE - Taiwan,Southern Hemisphere Overseas Study Centre,A108000381,
6526,SOUTHERN SEAS EDUCATION - Pune,Southern Seas Education,A108000382,
6611,STELLAR EDUCATION & VISA CENTRE - Sydney,Stellar Sydney,A108000388,
6644,STB STUDENT TRAVEL BUREAU - Sao Paulo,STB Student Travel Bureau,108003008,
6657,SYDNEY HUB EDUCATION PTY LTD (FORMALLY STUDY HOJU) - Sydney,Hojuhelper Education Centre,A108001125,
6699,N/A,,,N/A
6707,SUPER RED EDUCATION AND TRAINING CENTRE - Hong Kong,Super Red Education & Training Centre,A108000651,
6814,TEWATOHNHI'SAKTHA,,,N/A
6884,THE CHOPRAS - New Delhi,The Chopras Global Holdings PTE Ltd,108002877,
6916,THE DEAN INTER EDUCATION CONSULTING - Bangkok,,,N/A
7237,U H INTERNATIONAL - Sydney,UH International (Elite Overseas),A108000150,
7243,Ucol,,,N/A
7247,IBN EDUCATION CENTRE - Chongro,iBN Education,108001971,
7248,IBN EDUCATION CENTRE - Sydney,iBN Education,108001971,
7250,UHAK.COM - Shinchon,uhak.com,A108000892,
7319,Vakom Overseas Education (No activity),,,N/A
7399,VISTA EDUCATION - Surabaya,Vista Education Services,A108000518,
7557,WINIK EDUCATION AND SERVICES - Indonesia,WINIK Education & Services,108001633,
7612,WORLDWIDE EDUCATION - Ho Chi Minh,"Worldwide Education Co., Ltd",108002269,
7652,YU TANG SHENG SHI COUNSELING CO (STUDYFR) - Beijing,"Yu Tang sheng shi Counseling Co., Ltd",108003123,
7659,SHINYWAY EDUCATION - Hangzhou,Shinyway International,A108001397,
7682,UHAK STATION - Sydney,Uhak Station,A108000604,
7683,UHAK STATION - Gangnam,Uhak station,A108000604,
7790,Brilliant Life Co. Ltd,Brilliant Life Co. LTd,108001509,
7946,AUG - Brisbane,AusEd-UniEd International Pty Ltd,A108000045,
7949,AUG - Johor Bahru,AusEd-UniEd International Pty Ltd,A108000045,
7958,CANAM CONSULTANTS LTD - India,Canam Consultants Limited,108002563,
7981,EIC GROUP - Beijing,EIC Group Ltd,A108000913,
7987,FORTRUST INTERNATIONAL - Singapore,,,N/A
8007,IDP EDUCATION - Guangzhou,IDP Education Pty Ltd,A108000222,
8266,KRAFT EDUCATIONAL SERVICES - India,,,N/A
8304,INTERNATIONAL STUDENT EXCHANGE SERVICES (ISES) - Adelaide,International Student Exchange Services Pty Ltd,A108000240,
8311,IDP EDUCATION - Kerela,IDP Education Pty Ltd,A108000222,
8367,I WORLD INTERNATIONAL GROUP PTY LTD - South Korea,I World International Group Pty Ltd,108001210,
8454,IDP EDUCATION - Melbourne,IDP Education Pty Ltd,A108000222,
8466,JAYDON STUDY ABROAD CENTRE - Taipei,,,N/A
8471,EDWISE INTERNATIONAL - Mumbai,Edwise International,A108001324,
8505,ELTIM OVERSEAS EDUCATION CONSULTANTS - Surabaya,ELTIM Overseas Education Consultants,108001929,
8976,"EDUCATION FOR LIFE CO., LTD - Huamark",Education For Life Co. Ltd,A108001482,
8978,A and A INTERNATIONAL EDUCATION - Shanghai,A&A International Education (Shanghai),A108000694,
8980,ACES EDUCATION CONSULTANCY - Hong Kong,Aces Education Consultancy,108000631,
8983,MEIC CONSULTING GROUP - Melbourne,MEIC Melbourne,A108001359,
8985,AUSTRALIAN AGENCY FOR EDUCATION AND TRAINING/ STUDYCO.COM - Melbourne,Australian Agency for Education & Training T/A Stu,108002426,
8992,AUSTRALIAN BUSINESS CENTRE - Malaysia,Australian Business Centre,A108000815,
9001,CP EDUCATION AND MIGRATION - Sydney,CP Education Australia,A108000116,
9028,SET EDUCATION - Ho Chi Minh,SET Education,A108001645,
9031,IMTP Consultants - Coimbatore,IMTP Consultancy Services Pvt Ltd,A108001298,
9067,UHAK.COM - Jongro (Head Quarter),uhak.com,A108000892,
9090,SYNCHRO OVERSEAS EDUCATION - Hong Kong,Synchro Overseas Education Company Ltd,108001228,
9099,STELLAR EDUCATION & VISA CENTRE - Thailand,Stellar Sydney,A108000388,
9103,UHAK.COM - Gangnam,uhak.com,A108000892,
9108,HONEW CONSULTING GROUP - Sydney,Honew Consulting Group Pty Ltd,A108001117,
9124,IDP EDUCATION - Perth,IDP Education Pty Ltd,A108000222,
9152,U AND I GLOBAL - Brisbane,U and I Australia,A108000424,
9153,CONNECT EDUCATION NETWORK - Brisbane,Connect Education Network Pty Ltd,A108001450,
9167,MEC Overseas Education Services,MEC Overseas Education Services,108001288,
9168,PREMIER STUDY MANAGEMENT - Indonesia,Premier Study Management,A108001318,
9172,UNIVERSAL SERVICES - Surabaya,Universal Services - Jakarta,A108001727,
9174,HUB-EDU,HUB-EDU,A108001345,
9201,C STUDY ABROAD - Sydney,C Study Abroad Pty Ltd,108000002,
9208,WORLDWIDE EDUCATION FOUNDATION - Taiwan,Worldwide Education Foundation,A108001393,
9218,U and A Educational and Commercial Consultation Co. Ltd.,"U&A Educational and Commercial Consultation Co., L",A108001291,
9219,Huatong Xinnuo Int'l Cultural Exchange Center Limited (Hti),IAE China-Beijing Huatongxinnuo Intl Cult Exch Ctr,108001440,
9221,D & LT CONSULTANTS LTD - China,,,N/A
9223,BONAN EDUCATION INTERNATIONAL - Shanghai,Bonan Education International,108003118,
9225,AAS EDUCATION CONSULTANCY - Hong Kong,AAS Education Consultancy,108001425,
9227,ELITE OVERSEAS STUDIES CENTRE - Hong Kong,Elite Overseas Studies Centre,108001402,
9228,WISDOM EDUCATIONAL CONSULTING LIMITED - Macao,Wisdom Educational Consulting Limited,A108001452,
9231,HUGESTONE EDUCATION CENTRE - Sydney,Hugestone Education Centre,108001907,
9326,IDP EDUCATION - Pune,IDP Education Pty Ltd,A108000222,
9374,OZ CLICK EDUCATION PTY LTD - Sydney,OZ Click Education,A108001847,
9376,KH UHAK PTY LTD - Sydney,,,N/A
9377,UHAK ACADEMY - Korea,UHAK Academy Korea,A108001360,
9378,EIC GROUP - Sydney,EIC Group Ltd,A108000913,
9390,Plus Education Service Centre,Plus Education Service Centre,A108001458,
9427,HOJUHELPER EDUCATION CENTRE (Uhakpen) - Seoul,Hojuhelper Education Centre,A108001125,
9428,AUG - Kuching,AusEd-UniEd International Pty Ltd,A108000045,
9433,Mi-Ed Consulting,Mi-Ed Consulting Taipei International Co.Ltd,A108001392,
9441,SHINYWAY EDUCATION - Guangzhou,Shinyway International,A108001397,
9443,AC AND T EDUCATION - Sunnybank,,,N/A
9453,NULL,,,N/A
9460,EDUMATES - Sydney,EduMate Australia Pty Ltd,A108001596,
9466,EDUYOUNG.COM - Brisbane,EduYoung.com,A108001716,
9467,IDP EDUCATION - Adelaide,IDP Education Pty Ltd,A108000222,
9490,CP AND CO INTERNATIONAL PTY LTD - Bangkok,,,N/A
9507,Franz & Lefort Education Abroad,Franz & Lefort,108002735,
9604,IAE EDU NET - Gold Coast,IAE EDU NET - SYDNEY,108002694,
9640,BRIDGE AGENCY - OVERSEAS EDUCATION CENTRE - Poland,Bridge Agency,108003290,
9675,AUS-CHINA INTERNATIONAL SERVICE CENTRE - Sydney,,,N/A
9699,GLOBAL TOTAL EDUCATION SERVICES - Medan,Global Total Education Services,108001896,
9744,Austral - Oriental Education Service Pty Ltd,,,N/A
9752,IDP EDUCATION - Brisbane,IDP Education Pty Ltd,A108000222,
9783,NEWTON INTERNATIONAL SERVICE (NEST) - Taiwan,Newton Educational Service & Tour Consultants Pty,A108001599,
9897,IEDUCARE SERVICES - Kuala Lumpur,iEducare Services,A108001220,
10219,Overseas Study Centre - Surabaya,Overseas Study Centre,108002435,
10221,CENTRAL EDUCATION SERVICES - Jakarta,Central Education Services ,A108001542,
10239,"Shanghai Qijia Business Consulting Service Co., Ltd",,,N/A
10245,Century 21 Edu Net,Century 21 Edu Net,A108000997,
10250,YEC EDUCATION CENTRE (YEC INTERNATIONAL LTD.) - Taiwan,YEC International Ltd.,A108001289,
10256,SW Education - Melbourne,,,N/A
10288,STUDY LINK COMPANY LIMITED - Ho Chi Minh,StudyLink,108000392,
10332,AOJI EDUCATION GROUP - Sydney,AOJI Education Australia Pty Ltd,108002022,
10568,Istanbul Education Abroad,,,N/A
10693,CENTURY OCEAN PTY LTD - Adelaide,Century Ocean Pty Ltd,108002633,
10715,IDP EDUCATION - Kolkata,IDP Education Pty Ltd,A108000222,
10735,CEDARWOOD CONSULTING LTD COMEGO - Beijing,"Beijing CedarWood Consulting Co.,Ltd",108001984,
10742,SIEC EDUCATION - Melbourne,SIEC Education Pvt. Ltd,108003719,
10744,STUDY INTERNATIONAL EDUCATION CONSULT SDN BHD - Manila,Study International Education Consult Sdn Bhd,108001285,
10748,EIC GROUP - Wuhan,EIC Group Ltd,A108000913,
10749,NULL,,,N/A
10750,HOJUNET CONSULTANCY - Sydney,Hojuhelper Education Centre,A108001125,
10751,SHINING TRAVEL AGENCY CO LTD - Taipei,Shining Travel Agency Co. Ltd.,A108001290,
10755,AUSTRALIAN VISA & STUDENT SERVICES GROUP - Melbourne,Australian Visa & Student Services,108000068,
10760,GLOBAL STUDENT SERVICES - Sydney,Global Student Services,A108001297,
10775,Sky international Education,Sky International Edu Gwangju,108002104,
10778,Hti EDU Taiwan,,,N/A
10851,IDP EDUCATION- Coimbatore,IDP Education Pty Ltd,A108000222,
11041,GetSet Taiwan,,,N/A
11042,"OvEdu Centre, Shanghai","Shanghai OvEdu Consulting Co., Ltd.",108002556,
11043,AUG - Adelaide,AusEd-UniEd International Pty Ltd,A108000045,
11062,LIGHTHOUSE STUDENT NETWORK - Sydney,Lighthouse Student Network,A108001622,
11071,PROGRESS STUDY CONSULTANCY - Sydney,Progress Study Consultancy,A108001124,
11073,PROGRESS STUDY CONSULTANCY - Melbourne,Progress Study Consultancy,A108001124,
11087,AC OVERSEAS STUDENT CENTRE - Sydney,AC Overseas Student Centre,A108001627,
11088,GLOBAL EDUCATION AND IMMIGRATION CENTRE - Sydney,,,N/A
11093,SUN EDUCATION GROUP - Jakarta,Sun Education Group Pte Ltd,108002728,
11095,PT Harapan Optimal Edukasi (AKA Hope 2000),Hope Education,108003449,
11107,EIC GROUP - Shanghai,EIC Group Ltd,A108000913,
11133,Anindo Dutabhuana,Anindo Dutabhuana,A108001585,
11135,BEST EDUCATION AND MIGRATION AFFAIRS CENTRE - Sydney,Best Education and Migration Affairs Centre,A108001747,
11266,STB STUDENT TRAVEL BUREAU - Pacific,STB Student Travel Bureau,108003008,
11276,MYEDU CONSULTING PTY LTD - Sydney,My Edu Consulting Pty Ltd,A108001505,
11309,VANGUARD EDUCATION CONSULTANCY - Taiwan,Vanguard Education Consultancy (VEC),108002017,
11316,STUDY OVERSEAS GLOBAL - India,Study Overseas Global Pvt Ltd,A108001791,
11319,AAC ACCESS ACADEMIC CONSULTANCY LTD - Hong Kong,Access Academic Consultancy Limited,A108001715,
11332,EIC GROUP - Jinan,EIC Group Ltd,A108000913,
11421,OH! STUDY EDUCATION CENTRE - Taipei,OH! Study Education Consulting Center,108001812,
11435,TNS Uhak,TNS Uhak Worldwide,108001970,
11959,Unistart,Unistart,108001644,
12103,SHANGHAI JUSS EDUCATION CONSULTING CO LTD - Shanghai,JussEdu Consulting,A108001856,
12250,Mentor International,International Mentor Group,A108000611,
12291,AMET EDUACTION - Sydney,AMET Education Pty Ltd,108002648,
12324,D AND S EDUCATION CONSULTANCY CO - Taipei,,,N/A
12353,EIC GROUP - Adelaide,EIC Group Ltd,A108000913,
12386,EducNet,EducNet-PAY TO STUDY,108002794,
12427,ITEC,,,N/A
12529,AUSWIN INTERNATIONAL GROUP - Melbourne,Auswin International Group,108002024,
12577,NETWORK EDUCARE - Indonesia,Network Educare,A108001840,
12580,OVERSEASEDUCATION.SG PTE LTD - Singapore,OVERSEASEDUCATION.SG PTE LTD,108002046,
12582,Global Link Consulting Ltd,,,N/A
12600,TNT CONSULTING COMPANY LIMITED - Ho Chi Minh,TNT Consulting Company Limited,A108001811,
12607,AUSTRAL-ORIENTAL EDUCATION SERVICE - Taipei office,,,N/A
12611,TRANS GLOBE - Rajkot,Trans Globe Education,A108003622,
12652,Study Options Ltd,Study Options Limited,108001190,
12655,NULL,,,N/A
12656,GES GLOBAL EDUCATIONAL SERVICES - Malaysia,GES Global Educational Services,108002743,
12678,AMET EDUCATION - Southport,AMET Education Pty Ltd,108002648,
12757,Adwise Education,,,N/A
12761,VNPC - Viet Nam Professional Consultancy Company,,,N/A
12770,AMAXGRACE PTY LTD - Adelaide,Amaxgrace Pty Ltd,108002016,
12775,AIDE EDUCATION AND MIGRATION - Melbourne,,,N/A
12821,"A.E&T Co., Ltd",,,N/A
12825,DAIDANGQUANG OVERSEAS STUDY COMPANY,Daidangquang Overseas Study Company (DOSCO),A108001779,
12836,FAYEALEO LIMITED,FAYEALEO Enterprise Management Consulting,108002039,
12886,AUG - Hong Kong,AusEd-UniEd International Pty Ltd,A108000045,
12891,EIC GROUP - Shenzhen,EIC Group Ltd,A108000913,
12925,AUSTRALIAN CENTRE - Medan,Australian Centre Pty Ltd,108002023,
12934,KO-OZ EDUCATION - Melbourne,ko-ozeducation,108001972,
12940,NULL,,,N/A
13005,SKYREACH EDUCATION ADVISORY LIMITED - Wanchai,,,N/A
13075,ADVANCED ELITE CONSULTANCY - Taipei,Advanced Elite Consultancy,108002084,
13076,GMT Global EduGroup,GMT Global,108000517,
13077,Prolink Overseas Studies Consultant Ltd.,,,N/A
13113,AEC- ABROAD EDUCATION CONSULTANTS - New Delhi,Abroad Education Consultants,108002320,
17940,Study Excel Subang Jaya,,,N/A
17958,SIJ SERVICES,SIJ Services,108002026,
17966,AOJI EDUCATION GROUP - Adelaide,AOJI Education Australia Pty Ltd,108002022,
17976,ASIA PACIFIC COMPANY LTD (APACO) - Hai Phong,Asia Pacific Company Limited,108002124,
18007,Viet Nam Professional Consultancy Company (VNPC),,,N/A
18016,MYAGENT EDUCATION PTY LTD - Sydney,,,N/A
18032,NHAT ANH EDUCATION AND TRAINING CONSULTANCY COMPANY - Vietnam,NHAT ANH EDUCATION & TRAINING CONSULTANCY COM LTD,108003427,
18043,AIM INTERNATIONAL EDUCATION - Bangkok,AIM International Education Co.Ltd,108001954,
18079,VIEC EDUCATION - New Delhi,Viv's International Education Center Pty. Ltd,108001958,
18084,STUDY OVERSEAS CENTRE CO LTD - Bangkok,,,N/A
18155,SUPERSTAR EDUCATION - Sydney,Superstar Education,108002038,
18156,SUPERSTAR EDUCATION - Melbourne,Superstar Education,108002038,
18161,INCC Australia Education,International Connection Centre Co Ltd - INCC,108002392,
18163,Global Education and Technology Group,"Global Education Services Co., Ltd",108003233,
18168,Education Planet Pvt. Ltd,e-planet Education Planet,108002145,
18171,UNILINK EDUCATION - Sydney,UNILINK EDUCATION PTY LTD,108002578,
18177,LIANXIN INTERNATIONAL EDUCATION - Taiwan,Lianxin International Education Co Ltd,108002921,
18195,U H INTERNATIONAL - Seoul,UH Education Centre,108003227,
18196,SHINYWAY EDUCATION - Shanghai,Shinyway International,A108001397,
18211,LetsGo Tourist-Overseas Study Company Limited,Let's Go Overseas Study,108002256,
18242,"PHC EDU LINKS CO., LTD - Ho Chi Minh",PHC Edu Links,108002087,
18248,IDP EDUCATION - Cebu,IDP Education Pty Ltd,A108000222,
18285,IS EDUCATION - Taipei,,,N/A
18286,GO STUDY AUSTRALIA - Sydney,Go Study Australia,108001252,
18311,START EDUCATION CENTRE - Bangkok,Start Education Centre Co. Ltd,108003582,
18326,Brightannica,Brightannica,A108001872,
18345,VANGUARD EDUCATION CONSULTANCY - Shenzhen,Vanguard Education Consultancy (VEC),108002017,
18348,UHAK STATION - Chongro,Uhak Station,A108000604,
18359,"Services for Education Consultancy & Training Co., Ltd (SET)",SET Education,A108001645,
18361,NAMOO EDU CONSULTING PTY LTD - Sydney,Namoo Edu Consulting Pty Ltd,A108001843,
18377,Studies and Careers,Studies & Careers,108002085,
18391,LINK EDUCATION - Sydney,,,N/A
18404,Eastin International Ltd.,,,N/A
18411,NEW ORIENTAL VISION OVERSEAS CONSULTING CO. LTD - Beijing,Beijing New Oriental Vision Overseas Consulting Co,108002459,
18418,(Megastudy JSC) Megastudy Study Abroad and International Training Joint Stock Company,,,N/A
18447,MahÉsh Dwivedi,,,N/A
18459,STUDY FAIR - Taipei,Study Fair International Ltd.,108002069,
18467,CIE - CENTRAL STUDENT SERVICES - Indonesia,Central Student Services,108002132,
18494,CHIAO SHUN INTERNATIONAL PTY LTD - Brisbane,Chiao Shun International Pty Ltd,A108001582,
18519,OEC GLOBAL EDUCATION CO. LTD - Ho Chi Minh,OEC Global Education,A108001114,
18520,IAEC EDUCATION - Melbourne,Indo-Australian Education Centre,A108000228,
18569,Edumorphs Consultancy Services Pvt Ltd,Edumorphs,108002042,
18580,BRIGHT CAN-ACHIEVE EDUCATION LIMITED,Can-Achieve International Education Ltd,108003195,
18595,Key Education,"Key Education Co., Ltd",108002255,
18649,GOLDEN GATE EDUCATION - Indonesia,Golden Gate Education,108003184,
18661,FORTRUST INTERNATIONAL - Melbourne,Fortrust Education Services Sydney,A108000174,
18675,LATINO AUSTRALIA EDUCATION - Sydney,Latino Australia Education SA (LAE),108003370,
18686,CHONGRO OVERSEAS EDUCATIONAL INSTITUTE - Sydney,Chongro Overseas Educational Institute,108000599,
18753,Plan Travel & Study Agency,,,N/A
18791,A3 EDUCATION AND TRAINING SDN. BHD - Malaysia,A3 Education and Training,108002316,
18807,INFORMATION PLANET - Perth,Information Planet,A108003434,
18834,LINKTOP GROUP PTY LTD - Sydney,Linktop Group Pty Ltd,A108000950,
18875,HANDS ON EDUCATION CONSULTANTS - Bangkok / Education Tower Ltd,Hands On Education Consultants Co. Ltd,A108003586,
18894,INEC (INTERNATIONAL NETWORK EDUCATION CONSULTANTS) - Ho Chi Minh,INEC CO. LTD,108002226,
18896,Global Lexis Lts,,,N/A
18909,OZSKY INTERNATIONAL - Goldcoast,Ozsky International Pty Ltd,108002073,
18952,INTERNATIONAL EDUCATION SERVICES - Melbourne,,,N/A
18964,UNISTAR EDUCATION INTERNATIONAL COMPANY LIMITED,Unistar Education Co Ltd,108002344,
18992,TNSS - T&N SYDNEY INTERNATIONAL EDUCATION CONSULTANCY COMPANY LTD - Ho Chi Minh,T&N Sydney Int'l Education Consultancy Pty Ltd,108002811,
19003,Taylor's International Alliance Network PTE LTD,,,N/A
19034,MOTIVE EDUCATION CO LTD - Bangkok,Motive Education Co Ltd,108002755,
19041,VISION PLANET AUSTRALIA - Adelaide,,,N/A
19047,LET'S STUDY EDUCATION CENTRE CO LTD - Bangkok,"Let's Study Education Centre Co.,Ltd",108002453,
19780,JJL Overseas Education Consulting - Beijing,JJL International Education Services,108002339,
19784,EIC GROUP - Guangzhou,EIC Group Ltd,A108000913,
19809,VDIEC - Bhopal,Vdiec Global Connect Pvt Ltd,108002283,
19840,JS Education Consultant,JS Education Consultant,108002882,
19876,WEC EDUCATION - Bangkok,WEC Education,108002955,
19896,"Hearts and Minds International Education Co.,Ltd.",,,N/A
19901,INFORMATION PLANET - Sao Paulo,Information Planet,A108003434,
19903,"SUNRISE VIETNAM CO.,LTD - Hanoi",Sunrise Vietnam,108001985,
19920,New Star Consultants,New Stars Education Counselors Pty Ltd,108002343,
19926,Thai Study Abroad Consultant - Bangkok,Thai study Abroad Consultant,108003115,
19941,HUI AND KUAH PTE LTD - Singapore,HUI & KUAH Pte Ltd,A108000212,
19946,INTERSTUDY EDUCATION CONSULTANTS SDN BHD - Penang,Interstudy Education Consultants Sdn. Bh,108002898,
20004,DAI DANG QUANG OVERSEAS STUDY COMPANY (DOSCO) - Ho Chi Minh,Daidangquang Overseas Study Company (DOSCO),A108001779,
20010,DISCOVER MATRIX - Melbourne,Discover Matrix Pty Ltd,108003478,
20045,IDP EDUCATION - Vadodara,IDP Education Pty Ltd,A108000222,
20085,ED NETWORK INTERNATIONAL EDUCATION SDN BHD - Bangkok,Ed Network International Education,108003456,
20110,WEST 1 - Sydney,WEST 1 - Melbourne,108003469,
20118,Edulink (Educational Links Consultants),Educational Link Consultants (S) Pte Ltd,A108001846,
20121,RISE SMART OVERSEAS EDUCATION CENTRE - Hong Kong,Rise Smart Overseas Education Centre,108002923,
20181,Global One International - Jakarta,Global One International,108002338,
20190,GLOBAL OPPORTUNITIES - New Delhi,Global Opportunities,108002166,
20265,AC AND T EDUCATION - Brisbane,,,N/A
20288,AUSTRALIAN CENTRE - Sydney,Australian Centre,A108000054,
20289,AUSTRALIAN CENTRE - Sao Paulo,Australian Centre,A108000054,
20314,STUDENTS INTERNATIONAL EDUCATION GROUP - Russia,Students International Group Pty Ltd,108002422,
20347,SHINYWAY EDUCATION - Beijing,Shinyway International,A108001397,
20352,D&S Education Consultancy Co,,,N/A
20364,CMI Vietnam,,,N/A
20378,CHIAO SHUN INTERNATIONAL PTY LTD - Tainan,Chiao Shun International Pty Ltd,A108001582,
20382,IDP EDUCATION - Shenzhen,IDP Education Pty Ltd,A108000222,
20388,IDP EDUCATION - Salmiya,IDP Education Pty Ltd,A108000222,
20389,Study Link International,StudyLink,108000392,
20401,StudyFr (Beijing Office),,,N/A
20415,Latino New Zealand - Mendoza,Latino Australia Education SA (LAE),108003370,
20425,IDP EDUCATION - Can Tho,IDP Education Pty Ltd,A108000222,
20426,IDP EDUCATION - Cairo,IDP Education Pty Ltd,A108000222,
20443,Latino New Zealand - Caracas,Latino Australia Education SA (LAE),108003370,
20454,IDP EDUCATION - Ho Chi Minh City China Town,IDP Education Pty Ltd,A108000222,
20461,KOKOS New Zealand Limited,KOKOS New Zealand Limited,108002589,
20473,IDP EDUCATION- India Office,IDP Education Pty Ltd,A108000222,
20474,IDP EDUCATION - Danang,IDP Education Pty Ltd,A108000222,
20490,IDP EDUCATION - Indore,IDP Education Pty Ltd,A108000222,
20506,QUACK STUDY - Sydney,Quack Study,108002102,
21519,CONNECT TO AUSTRALIA PTY LTD - Sydney,Connect 2 Australia,108002214,
21561,AVSS EDUCATION PROGRESS - Thailand,AVSS Sydney,A108001483,
21570,DAWN CONSULTANTS - Adelaide,Dawn Consultants,108002783,
21571,STUDY INTERNATIONAL LTD - Sydney,SI-Study International,108001957,
21574,Latino American Education Holdings Pty Ltd,LAE - Latino American Education Holding Pty Ltd,A1080036720,
21575,LATINO AUSTRALIA EDUCATION - Melbourne,Latino Australia Education SA (LAE),108003370,
21580,UNC KS,,,N/A
21593,Gia Dinh Viet,,,N/A
21595,Alta Education Services,Alta Education Services,108002637,
21597,UHAK STATION - Melbourne,Uhak Station,A108000604,
21599,BETTER GRADE EDUCATION CENTRE CO LTD - Bangkok,Better Grade Education Centre (Thailand) Co. Ltd,108002866,
21612,JSR EDUCATION CO LTD - Bangkok,"JSR Education Co.,Ltd",108002568,
21664,TAN DAI DUONG EDUCATION CONSULTANCY AND TRADING CORPORATION,TAN DAI DUONG CORPORATION,108002638,
21668,"Learning Curve Co., Ltd.",,,N/A
21672,Overseas Education SG Pte Ltd.,,,N/A
21713,INTERNATIONAL PLACEWELL CONSULTANTS PVT LTD - New Delhi,International Placewell Consultants Pvt. Ltd,108002163,
21717,EIC GROUP - Melbourne,EIC Group Ltd,A108000913,
21718,Timestudy-Daegu,TimeStudy Daegu,108002147,
21738,STUDY DYNASTY EDUCATION TAIWAN - Kaohsiung,Study Dynasty Education Ltd,1080002597,
21758,UNIVERSAL INFORMATION CONSULTING CO LTD - Hong Kong,,,N/A
22780,ISC Immigration Service Centre,,,N/A
22796,IBN EDUCATION CENTRE - Brisbane,iBN Education,108001971,
22800,DOM EDUCATION  - Seoul,,,N/A
22802,AVENUE TO SUCCESS COMPANY LIMITED (ATS) - Ho Chi Minh,Avenue to Success (ATS) Company Limited,108002183,
22804,EMBASSY EDU GROUP (HOJUFIRST) - Seoul,Hojuhelper Education Centre,A108001125,
22807,UH EDUCATION CENTRE - Sydney,UH Education Centre,108003227,
22875,EUREKASTUDY - Melbourne,EUREKASTUDY,108002477,
22918,KC Overseas Education Pvt. Ltd.,Krishna Consultants(KC Overseas Education),108002247,
22937,IAE EDU NET - Huzhou,IAE EDU NET - SYDNEY,108002694,
22940,Huatong Xinnuo Int'l Cultural Exchange Center Limited (Hti) - Beijing,IAE China-Beijing Huatongxinnuo Intl Cult Exch Ctr,108001440,
22964,GRAND STUDY EDUCATION - Sydney,Grand Study Education,108002186,
22968,"WeConnect Co., Ltd.",We Connect,108002709,
22969,GAMJA UHAK - Seoul,Gamja U-hak (Makyung IC Corporation),108002244,
22982,UNICAMPUS EDUCATION NETWORK - Nepal,UniCampus Education Network Pvt Ltd,108002282,
22986,GEN China Office,,,N/A
22994,AUSTLINK EDUCATION GROUP PTY LTD - Sydney,Austlink Education Group P/L,108002120,
23002,ZEST CONSULTANTS - Canberra,Zest Waterfront Venues,108002233,
23004,PANDA LIMITED COMPANY - Vietnam,Panda Overseas Study Centre,108002318,
23023,BADA EDUCATION - Brisbane,BaDa Edu Cntr Sydney,A108000071,
23025,HOPE TRAINING CONSULTANCY COMPANY LIMITED,Hope Education,108003449,
23037,GLOBAL EDUCATION SERVICES CO LTD - Taiwan,"Global Education Services Co., Ltd",108003233,
23048,WORLDLINK EDUCATION - Ho Chi Minh,Worldlink Education,108002442,
23061,"SONG CHAU TRANSLATION & OVERSEAS STUDY ADVISORY CO., LTD",,,N/A
23066,"HUY HOANG INTERNATIONAL JOINT STOCK COMPANY, EIC",Hoang Phuong Oanh Tran,108002775,
23072,Unistart,Unistart,108001644,
23074,Global Viet Co.,GLOBAL VIET CENTER FOR CONSULTANCY,108002757,
23081,ILA VIETNAM,ILA Vietnam Ltd Co.,108002385,
23095,ASPIRATIONS EDUCATION - Sri Lanka,Aspirations Education Pvt Ltd,108002278,
23098,EDUYOUNG.COM - Seoul,EduYoung.com,A108001716,
23104,EDWISE INTERNATIONAL - New Delhi,Edwise International,A108001324,
23108,GLOBAL PATH CONSULTING - Wanchai,Global Path Overseas Studies Centre,108002812,
23110,OCEANIAN TRAVEL AND OVERSEA STUDY CO LTD - Ho Chi Minh,OCEANIAN TRAVEL OVERSEA STUDY CONSULT,108002643,
23111,GB ACADEMY SDN. BHD - Malaysia,,,N/A
23120,"A.N.T STUDY ABROAD CONSULTANT CO.,LTD - Ho Chi Minh",Jack Study Abroad,108002489,
23132,BEST WAY CONSULTANCY PTY LTD - Sydney,Best Way Consultancy,108002502,
23138,"Wiseway Global Co., Ltd.","Wiseway Global Co., Ltd",108002287,
23156,UHAK STATION - Busan,Uhak Station,A108000604,
23160,YORK INSTITUTE - Bangkok,York Institute,108003196,
23167,FR INTERNATIONAL CULTURE AND EDUCATION EXCHANGE CENTRE - Sydney,FR International Culture & Education Exchg Cntr,108002569,
23193,A Star Education,A-Star Education,108002379,
23202,ASA OVERSEAS EDUCATION SPECIALIST M SDO. BHD - Penang,ASA Overseas Education Specialist (M) Sdn Bhd,108002634,
23235,A-N MIGRATION SERVICES - Adelaide,,,N/A
23256,MEA CONSULTANCY - Melbourne,MEA Consultancy,108002564,
23266,2 Be Study,2be Study Group,108002230,
23278,Academix,Academix Study Abroad,A108003612,
23293,ICN Japan,,,N/A
23300,CONNECT 360 JOINT STOCK COMPANY - Hanoi,Connect 360 Joint Stock Company,108002317,
23329,NEW GOLDEN ROAD TRADING SERVICE COMPANY LIMITED - Ho Chi Minh,New Golden Road Trading Service Ltd Co.,108002690,
23334,iApply Uhak Consulting,iAPPLY Uhak Consulting,108002337,
23350,STUDENT WORLD - Sydney,Student World Pty Ltd,A108001823,
23354,S AND W CONSULTING GROUP - Sydney,,,N/A
23363,STB STUDENT TRAVEL BUREAU - Sydney,STB Student Travel Bureau,108003008,
23376,AOJI EDUCATION GROUP - Melbourne,AOJI Education Australia Pty Ltd,108002022,
23398,OZ PATHWAY EDUCATION AND MIGRATION SERVICE - Melbourne,OZ Pathway Pty Ltd,108002910,
23414,World Wide Education,"Worldwide Education Co., Ltd",108002269,
23433,A and A INTERNATIONAL EDUCATION - Sydney,,,N/A
23439,ANPHAT INVESTMENT & CONSULTANCY JSC - Hai Phong,AIC - Anphat Consultancy & Investment J.S.C,108002428,
23444,International Scholastic Group Myanmar,International Scholastic Group Pte Ltd,108002368,
23447,FUTURE FIRST INTERNATIONAL EDUCATION GROUP - Sydney,,,N/A
23456,NEW FIELD EDUCATION - Sydney,New Field Education Group Pty Ltd,108002434,
23469,CONNECT AUSTRALIA - Sydney,Connect 2 Australia,108002214,
23475,LINKTOP GROUP PTY LTD - Melbourne,Linktop Group Pty Ltd,A108000950,
23483,OZM INTERNATIONAL GROUP - Adelaide,OZM International Group Pty Ltd,108002195,
23526,SHINYWAY EDUCATION - Sydney,Shinyway International,A108001397,
23527,Living Place Company Limited,Living Place Company Limited,108002557,
23529,Cetana PSB Intellis International College,,,N/A
23534,UHAK STATION - Hongdae,Uhak Station,A108000604,
23557,AUSTOP - Sydney,AUSTOP GROUP,108002558,
23561,Hung Cuong Education Company,Hung Cuong Co Ltd,108002754,
23563,IEN GLOBE AUSTRALIA PTY LTD - Sydney,IEN Globe Australia,108002433,
23577,NULL,,,N/A
23581,JACK STUDY ABROAD - Singapore,Jack Study Abroad,108002489,
23583,AUG - Perth,AusEd-UniEd International Pty Ltd,A108000045,
23590,OVERSEAS ACADEMIC LINK PTE LTD - Singapore,Overseas Academic Link Pte Ltd,108002587,
23608,NULL,,,N/A
23625,VIP INTERNATIONAL TRADE AND CONSULTANCY COMPANY LTD - Hanoi,VIP Study Overseas,108002588,
23651,EDWISE INTERNATIONAL - Bangalore,Edwise International,A108001324,
23652,EDWISE INTERNATIONAL - Hyderabad,Edwise International,A108001324,
23653,EDWISE INTERNATIONAL - Kolkata,Edwise International,A108001324,
23654,EDWISE INTERNATIONAL - Pune,Edwise International,A108001324,
23655,EDWISE INTERNATIONAL - Ahmedabad,Edwise International,A108001324,
23656,EDWISE INTERNATIONAL - Chandigarh,Edwise International,A108001324,
23657,3WGE - Sri Lanka,3W Global Education (Pvt) Ltd,108002430,
23664,AOHUA INTERNATIONAL MIGRATION AND EDUCATION CENTRE,AOHUA International Migration and Education Center,108002450,
23667,YANSONG EDUCATION,,,N/A
23673,AAA EDUCATION CONSULTANCY LTD - Vietnam,AAA Education Consultancy Ltd.,108002744,
23679,ITEC,,,N/A
23680,International Education Development Investment Link JSC,,,N/A
23681,AMV CONSULTANCY SERVICES TRADING COMPANY LIMITED - Ho Chi Minh,AMV Consultancy Services Trading,108002358,
23689,NULL,,,N/A
23690,NULL,,,N/A
23694,Smart Education & Training Joint Stock Company (ISET),Smart Choice Education Pty Ltd,108003319,
24702,EDWISE INTERNATIONAL - Jaipur,Edwise International,A108001324,
24706,ATLAS PRIVATE EDUCATIONAL SERVICES - Turkey,ATLAS Private Educational Services,108002421,
24721,NULL,,,N/A
24724,NULL,,,N/A
24738,UNITED EDUCATION CORPORATION - Ho Chi Minh,UNITED EDUCATION CORP.,108002645,
24755,PRIME UHAK NET PTY LTD - Seoul,Prime Uhak Net Pty Ltd,A108000814,
24768,OSPEL IMMIGRATION SERVICES - Melbourne,OSPEL IMMIGRATION SERVICES,108002678,
24777,MY STAGE (TECHNOPIA PTY LTD) - Sydney,My Stage,108001512,
24806,EDWISE INTERNATIONAL - Surat,Edwise International,A108001324,
24830,EDM EDUCATION - Seoul(Head office),EDM Education,A108001451,
24837,Viet Education Consultancy,Viet Education Consultancy (VEC),108002863,
24841,ADVENTUS EDUCATION - Colombo,Adventus Education (Private) Ltd,108002431,
24844,IMMIGRATION AND EDUCATION SERVICE CENTRE - Sydney,,,N/A
24846,DADI OVERSEAS STUDIES SERVICE CENTRE - Guangzhou,DADI Overseas Studies Service Centre,108000615,
24853,AEA EDUCATION ASSOCIATION - Hong Kong,Australian Education Association Hong Kong,108002441,
24857,AUSLINK INVESTMENT CO. ASSOCIATES - Sydney,Auslink Investments Co Associates Pty Ltd,108002427,
24880,MEDIA EDUCATION CONSULTANT - Jakarta,Media Education Services,108002636,
24882,Bridge Blue Indonesia,Bridge Blue Pty Ltd,A108000621,
24890,LN LEGAL - Sydney,,,N/A
24896,IBN EDUCATION CENTRE - Gangnam,iBN Education,108001971,
24903,HANOI.ETSC,,,N/A
24911,AUSTRALIA INTERNATIONAL PACIFIC EDUCATION AND MIGRATION - Sydney,,,N/A
24912,OZSKY INTERNATIONAL - Adelaide,Ozsky International Pty Ltd,108002073,
24915,CAMPUS ABROAD - Mauritius,,,N/A
24917,AUSTRALIA STUDYCARE - Sydney,,,N/A
25936,IMEC - International Migration and Education Center,IMEC,108002380,
25938,EI holdings pte ltd,,,N/A
25949,Swiftvisa New Zealand,Swiftvisa,108002481,
25961,"NEW WORLD STUDY ABROAD CONSULTING CO., LTD - Ho Chi Minh",New World Education,108002468,
25972,Blue Ocean International Consulting Inc.,Blue Ocean Education Group,108002982,
25978,China Education Service Centre (Hubei),China Education Service Centre,A108001319,
25991,"Eduviet Global Co.,LTD","Eduviet Global Co., Ltd",108002821,
26059,AMET EDUCATION - Melbourne,AMET Education Pty Ltd,108002648,
26073,G.D. Overseas Education Services,Guangdong Overseas Education Services,A108001003,
26082,EWAY GLOBAL PTY LTD - Sydney,Eway Global Pty Ltd,108002554,
26083,AMS BRIDGE BLUE - Manila,AMS Bridge Blue Pty Ltd,108002870,
26092,City Education Inc.,City Education Service Centre,108002478,
26108,EDWISE INTERNATIONAL - Coimbatore,Edwise International,A108001324,
26113,Inter Education Consult Sdn Bhd,,,N/A
26126,"Xinquan Global Education Co., Ltd",,,N/A
26127,NEW ORIENTAL VISION OVERSEAS CONSULTING CO LTD - Beijing Central,Beijing New Oriental Vision Overseas Consulting Co,108002459,
26129,UHAK HUB - Daejeon,Uhak Hub,108002760,
26131,EDWISE INTERNATIONAL - Chennai,Edwise International,A108001324,
26132,EDWISE INTERNATIONAL - Kochi,Edwise International,A108001324,
26137,GLIC CONSULTING GROUP - Melbourne,GLIC Consulting Group Pty Ltd,108002432,
26164,AUSTRALIA OVERSEAS STUDENT ENROLMENT OFFICE - Sydney,Australia Overseas Student Education (AOSED),108002717,
26167,STUDYCO - Melbourne,,,N/A
26171,RAISING IEI - Melbourne,Raising International Education & Immigration P/L,108002461,
26179,IS EDUCATION - Kaohsiung,The IEIS Education Group Ltd,108003150,
26185,Bosphorus Education Counselling Service,,,N/A
26204,Canguros International Student Services,,,N/A
26212,LATINO AUSTRALIA EDUCATION - Ecuador,Latino Australia Education SA (LAE),108003370,
26231,SHINYWAY EDUCATION - Chongqing,Shinyway International,A108001397,
26241,MEGASTUDY JSC (MEGASTUDY STUDY ABROAD AND INTERNATIONAL TRAINING JOINT STOCK COMPANY) - Hanoi,Megastudy Joint Stock Company,108002092,
26247,OPTIONS EDUCATION AGENCY - Adelaide,Options Education Agency,108002702,
26252,EZY INTERNATIONAL SERVICES - Adelaide,Ezy Education,108002531,
26268,SEVEN PEAKS EDUCATION - Sydney,,,N/A
26270,JACK STUDY ABROAD - Indonesian,Jack Study Abroad,108002489,
26281,LISAHO Study Overseas Consulting JSC,,,N/A
26294,INFORM EDUCATION AUSTRALIA - Sydney,,,N/A
26304,AT EDUCATION CO LTD - Bangkok,At Education,108002711,
26315,Ed Network International Education Sdn Bhd - Malaysia,Ed Network International Education,108003456,
26334,SANTA MONICA STUDY ABROAD PVT LTD - Cochin,Santa Monica Study Abroad Pvt.Ltd,108002492,
26426,AUG - Penang,AusEd-UniEd International Pty Ltd,A108000045,
26435,AUG - Ipoh,AusEd-UniEd International Pty Ltd,A108000045,
26493,"Zhuhai Renhe Education Consulting Co., Ltd.",,,N/A
26519,LATINO AUSTRALIA EDUCATION - Brazil,Latino Australia Education SA (LAE),108003370,
26520,AECC GLOBAL - India,AECC Global-India,108002816,
26526,Bridge Blue - Mongolia,Bridge Blue Pty Ltd,A108000621,
26537,IEC Abroad Ltd,IEC (International Education Consultancy),A108000223,
27554,EMAI INTERNATIONAL - Sydney,EMAI International Service Centre,108002398,
27555,TLC. OVERSEAS CONSULTING LTD.,,,N/A
27561,STAR-BRIDGE STUDY ABROAD AGENCY PTY LTD - Adelaide,,,N/A
27569,AOJI EDUCATION GROUP - Shenyang,AOJI Education Australia Pty Ltd,108002022,
27571,DILIGENCE EDUCATION AND IMMIGRATION PTY LTD - Sydney,,,N/A
27583,GO STUDY - Melbourne,Go Study Australia,108001252,
27599,HONG KONG OVERSEAS STUDIES CENTRE - Macau,Hong Kong Overseas Studies Centre,108001445,
27606,VETA EDUCATION CONSULTANCY - Melbourne,Veta Education Consultancy,108001886,
27607,LANGUAGE CHAMPS - Melbourne,"Language Champs (AUS) Pty, Ltd",108002565,
28634,NEW SKYLINE - Sydney,New Skyline Education Group,108002586,
28635,Jenox International Education,Jenox Australia,108002493,
28644,JE Education Centre,,,N/A
28655,"AKINA INTERNATIONAL STUDY ABROAD CO,.LTD - Hai Duong",Akina International Study Abroad Co Ltd,108002767,
28656,LIGHTHOUSE STUDY CO LTD - Bangkok,Lighthouse Student Network,A108001622,
28680,"Nam Giang Global Co.,Ltd",,,N/A
28691,BINCO - BAO CHUNG INTERNATIONAL EDUCATION COMPANY,BINCO-Bao Chung International Education Company,108002769,
28693,"TRITIEN CONSULTING TRADING SERVICE CO., LTD - Ho Chi Minh","TriTien Consulting Trading Service Co., Ltd.",108002849,
28708,AEC ENLIST CO LTD - Bangkok,,,N/A
28709,Luca Education Consulting Co.,Luca Education Consulting Co.,108002552,
28716,BOOMERANG AUSTRALIA STUDIES - Sydney,Boomerang Australia Studies-Arnaud Int'l Consultin,108002815,
28717,EXPERT EDUCATION AND VISA SERVICES - Sydney,Expert Education & Visa Services,108003455,
28725,ICAN EDUCATION - Jakarta,ICAN Education Consultant,108002614,
28738,VISAMASTER,,,N/A
28739,"A CHAU INVESTMENT  EDUCATION - STUDY ABROAD - TRAVEL CO., LTD",,,N/A
28742,Happiness Education Specialist Ltd,Happiness Education Specialist Ltd,108002895,
29801,AUSLIFE SERVICE CENTRE - Sydney,Auslife Service Centre,108002480,
29809,IS EDUCATION - Taichung,I.S. EDUCATION International  Taipei City,108002987,
30817,THINK FIRST EDUCARE PTY LTD - Sydney,,,N/A
30818,Sao Viet Advisory and Translation Company Limited(SVATC),Vistar Education-Sao Viet Translation & Consult Co,108002765,
30834,TIME STUDY - Sydney,Time Study Sydney Pty Ltd,108003165,
30856,Overseas Education Centre- India,,,N/A
30861,(INDEC) TRI CUONG INVESTMENT AND EDUCATIONAL CONSULTANCY COMPANY LIMITED - Hanoi,,,N/A
30862,SAP Education (STUDY Abroad Packing IELTS Preparation & Practice,SAP Education,108002491,
30866,GSE-BEO (GLOBAL EDUCATION SERVICES COMPANY LIMITED) - Hanoi,"Global Education Services Co., Ltd",108003233,
30878,ANC Education,,,N/A
30879,GRASSHOPPER INTERNATIONAL - Melbourne,Grasshopper International,108002983,
30913,CHONGRO OVERSEAS EDUCATIONAL INSTITUTE - Busan,Chongro Overseas Educational Institute,108000599,
30916,NEW ORIENTAL VISION OVERSEAS CONSULTING CO LTD - Nanjing,Beijing New Oriental Vision Overseas Consulting Co,108002459,
30936,Kangaroo Studies Pvt Ltd,Kangaroo Studies Pvt. Ltd.,108002742,
30963,AU MY UC (Europe America Australia Tourist and Oversea Study Consultancy Company),Europe America Australia Tourist & Overseas Study ,108002854,
30969,TAGUS LET'S GO STUDY - Uzbekistan,Tagus Let's go study,108003116,
30982,EDUIN - Melbourne,EDUIN Pty Ltd,108002734,
30993,UPPER INTERNATIONAL - Melbourne,,,N/A
31007,AMBER EDUCATION - Guangzhou,Amber Education (Hong Kong) Services Limited,108003203,
31032,Quynh Anh Company,,,N/A
31034,Vietlink Education,,,N/A
31099,FORTRUST INTERNATIONAL - Philippines,,,N/A
31109,OEC GLOBAL EDUCATION CO. LTD - Chiang Mai,OEC Global Education,A108001114,
31153,WORLDWIDE EDUCATION SERVICE - Pakistan,"Worldwide Education Co., Ltd",108002269,
31167,HELLO AUSSIE STUDENT SERVICES - Melbourne,HELLO AUSSIE STUDENT SERVICES,108002796,
31184,MEETING POINT - Melbourne,Meeting Point Education Consultants,108002825,
31185,THE NEWSTONE GROUP - Melbourne,,,N/A
31186,WILL WORLD AUSTRALIA - Melbourne,,,N/A
32190,FUSION OZ PTY LTD - Sydney,,,N/A
32193,ALOK INTERNATIONAL EDUCATION - India,,,N/A
32199,SAO VIET CONSULTANCY AND TRANSLATION CO LTD (VISTAR) - Hanoi,Vistar Education-Sao Viet Translation & Consult Co,108002765,
32209,PAC ASIA SERVICES PVT LTD - New Delhi,Pac Asia Eduserve LLP,108003004,
32210,EDWISE INTERNATIONAL - Indore,Edwise International,A108001324,
32224,AECC GLOBAL - Philippines,AECC Global,108002631,
32241,Bridge Blue Vietnam,Bridge Blue Pty Ltd,A108000621,
32275,UHAK.COM - Busan,uhak.com,A108000892,
32291,UHAK.COM - Bupyeong Branch,uhak.com,A108000892,
32315,51offer,,,N/A
32319,Study Excel - JH,,,N/A
32369,Megamind Consultants Pvt. Ltd.,,,N/A
33376,U AND I GLOBAL - Seoul,U and I Australia,A108000424,
33380,MASIRATNA STUDY ABROAD - Melbourne,Masiratna Australia Pty Ltd,108003317,
33391,KITSON MIGRATION ADVISORY,KITSON EDUCATION ADVISORY PTY,108002639,
33393,EDU PATHWAYS GROUP - Melbourne,Edu Pathways Group Pty Ltd,108002820,
33417,PRIME UHAK NET PTY LTD - Busan,Prime Uhak Net Pty Ltd,A108000814,
33418,GOSTUDY EDUCATION INSTITUTE - Taoyuan,Go Study Australia,108001252,
33422,BLUE EDUCATION - Perth,Australia Education Pty Ltd t/a Blue Education,108002862,
33423,SMART CHOICE EDUCATION - Melbourne,Smart Choice Education Pty Ltd,108003319,
33430,STUDY CENTRAL - Sydney,Study Central,108002956,
33444,SHINYWAY EDUCATION - Chengdu,Shinyway International,A108001397,
33449,CANFLY EDUCATION AGENCY INC. - Taiwan,CANFLY EDUCATION AGENCY INC.,108002795,
33459,PROFESSIONAL EDUCATION CONSULTANCY AUSTRALIA - Melbourne,Professional education consultancy AU P/L,108002680,
34507,1st EDUCATION AUSTRALIA PTY LTD - Adelaide,1st Education Australia Pty Ltd,108002813,
35633,WORK STUDY PTY LTD - Perth,,,N/A
35655,SHINYWAY EDUCATION - Ningbo,Shinyway International,A108001397,
35707,Ugoglobal,,,N/A
35750,KOKOS INTERNATIONAL - Philippines,,,N?A
35789,"BLUE OCEAN DEVELOPMENT AND INVESTMENT, TRADING COMPANY LIMITED - Hanoi",Blue Ocean Education Group,108002982,
35809,BMJ INTERNATIONAL GROUP - Melbourne,BMJ International group,108002762,
35814,HELLO AUSTRALIA,Hello Australia Sydney Pty Ltd,108002865,
35821,CRISOP EDUCATION CONSULTANCY - Hanoi,CRISOP EDUCATION CONSULTANCY,108002750,
35822,Intellect,INDEC-Intellectual Development Company,108002830,
35826,AUSTRALIAN EDUCATION AND MIGRATION SERVICES - Perth,Australia Education Services Pty Ltd,108002922,
35831,LINKSOLUTION GROUP PTY LTD - Sydney,Linksolution Group Pty Ltd,108002708,
35898,GEA GLOBAL EDUCATION ALLIANCE - Guangzhou,Global Education Alliance Limited,A108001116,
37143,ARYAN HIGHER STUDY CONSULTANTS PRIVATE LIMITED - New Delhi,,,N/A
37171,VANGUARD EDUCATION CONSULTANCY - Taipei,Vanguard Education Consultancy (VEC),108002017,
37255,INFINITY MIGRATION SERVICES PTY LTD - Philippines,Infinity Migration Services Pty Ltd,108002840,
37278,ELS Consulting,Els Consulting-Edukasindo Lenteraserangkai PT.,108002768,
37291,AMBER EDUCATION - Hong Kong,Amber Education (Hong Kong) Services Limited,108003203,
37293,AGENT HAI PTY LTD - Perth,Agent Hai Pty Ltd,108002889,
37296,AUG - Manila,AusEd-UniEd International Pty Ltd,A108000045,
37298,CIED - CENTER FOR INTERNATIONAL EDUCATION DEVELOPMENT,CENTRE FOR INTERNATIONAL EDUCATION-CIED,108003748,
37311,AMS BRIDGE BLUE - Cebu,AMS Bridge Blue Pty Ltd,108002870,
37352,SOUTHPARK EDUCATION AGENCY PTY LTD - Perth,Southpark Education Agency Pty Ltd,108002847,
37385,51 offer,,,N/A
37421,S7study,,,N/A
37422,Bilimevi,,,N/A
37430,AONE INTERNATIONAL EDUCATION CONSULTANCY - Taipei,Aone International Education Consultancy ,108003005,
37483,EDUCATION UK LTD - Hong Kong,Education UK Ltd,108002884,
38514,BBC MIGRATION AND EDUCATION CONSULTANTS - Mumbai,BBC Education Consultants ,108002642,
38525,AUSSIZZ GROUP - Perth,Aussizz Group - Melbourne,108003480,
38534,Girnar Global,,,N/A
38536,BOOMERANG INTERNATIONAL EDUCATIONAL SERVICE - Adelaide,Boomerang International Educational Services,108002817,
38539,Success Factor- Pakistan,,,N/A
38615,AVSS EDUCATION PROGRESS - Myanmar,,,N/A
38618,PLUS ONE ADVISORY - Sydney,Plus One International Pty Ltd,108002879,
38620,WAYMARK EDUCATION PTY LTD - Sydney,Waymark Migration & Education,108002894,
38675,YES EDUCATION GROUP - Sydney,Yes Corporate Group Pty Ltd,108003186,
38697,ADVISORY CENTRE FOR AUSTRALIAN EDUCATION - Sydney,Dundawin P/L T/A ACAE Advisory Centre,108001501,
38700,DREAM WORLD EDUCATION - Melbourne,,,N/A
38703,FOCUS INTERNATIONAL OVERSEAS STUDENT SERVICES - Macau,Focus International Co,108002981,
38717,SAY HI ABOARD - Bangkok,Say Hi Aboard Co Ltd,108002836,
38819,FIRM FRIENDS GROUP COMPANY LTD - Thailand,Firm Friends Education and Visa Consultant,108003006,
38967,The IEIS Education Group Ltd,The IEIS Education Group Ltd,108003150,
39015,Synergy International Training and Consultant,Synergy Learning Group,108001908,
39017,IDP EDUCATION - Iran,IDP Education Pty Ltd,A108000222,
39077,theRightU - Singapore,The Right U Pte Ltd,108003209,
39083,YANTAI ZHONGSHI STUDY ABROAD CONSULTING SERVICE - China,Yantai Zhongshi Study Abroad Consulting Service Lt,108003119,
39084,KYMM - Sydney,KYMM,108003017,
39171,BRIGHT EDUCATION CO LTD - Chiang Mai,"Bright Education Co., Ltd",108003341,
39189,U2offer Fuzhou Youtu Education Service Co.Ltd,U2offer,108002985,
39203,EXPERT EDUCATION AND VISA SERVICES - Adelaide,Expert Education & Visa Services Asia,108003499,
39246,BJ Education One,BJ Education One,A10800176,
39256,BOSS EDUCATION & VISA - Bangkok,Boss Education,108003122,
39277,CENTORY COMPANY LIMITED,Centory Company Limited ,108003417,
40309,AUSTRALIAN EDUCATION SERVICES (AES) - Melbourne,Australia Education Services Pty Ltd,108002922,
40310,AUSTRAL-ORIENTAL EDUCATION SERVICE - Melbourne,AOES (Austral Oriental Education Service Pty Ltd),A108001721,
40399,LIEN CHAU COMPANY LIMITED,Cong ty Tnhh Du Hoc Lien Chau(INEC),108003117,
40476,Asiania International Consulting Co LTD,"Asiania International Consulting Co.,Ltd.",108003774,
40491,WEST 1 - Melbourne,WEST 1 - Melbourne,108003469,
40505,AECC GLOBAL - Singapore,AECC Global,108002631,
40506,Bright uni Advisor,,,N/A
40510,Global Enterprises Group's KL,,,N/A
40519,PRIME EDU - Korea,Prime Education Company,108003397,
40536,"Jung & Jung International Co., Ltd",,,N/A
40557,AUSTRALIAN VISA STATION - Perth,,,N/A
40607,AECC GLOBAL - Melbourne,AECC Global,108002631,
40608,SHINYWAY EDUCATION - Zhengzhou,Shinyway International,A108001397,
40661,IDP EDUCATION - Vishakapatnam,IDP Education Pty Ltd,A108000222,
40678,AUSSIZZ GROUP - Adelaide,Aussizz Group - Melbourne,108003480,
40725,AEM INTERNATIONAL SERVICE CENTRE - Adelaide,AEM International Service Centre,108003126,
40792,VANGUARD EDUCATION CONSULTANCY - Xiamen,Vanguard Education Consultancy (VEC),108002017,
40862,UNI-LINK CONSULTANCY JOINT STOCK COMPANY - Hanoi,,,N/A
40865,LT Education Pty Ltd,LT Education Pty Ltd,108003166,
40868,BLUESKY VIETNAM COMPANY LIMITED - Hanoi,,,N/A
40890,International Clever Education Consulting Joint Stock Company - Hanoi,International Clever Education Consulting JSC,108003149,
40912,Bright Way Education (Overseas Studies) Limited,,,N/A
40921,AECC GLOBAL - Sydney,AECC Global,108002631,
41006,SET EDUCATION - Sydney,SET Education,A108001645,
41017,AVENUE TO SUCCESS - Sydney,Avenue to Success (ATS) Company Limited,108002183,
42081,AUSTRAL-ORIENTAL EDUCATION SERVICE - Brisbane,AOES (Austral Oriental Education Service Pty Ltd),A108001721,
42115,"G CONNECT CO., LTD. - Ho Chi Minh",G'Connect Hospitality Education,108003500,
42148,CAMPUS AUSTRALIA (SPRINGBOARD 4 CAMBODIA) - Cambodia,Campus Australia (Springboard4Education),A108003689,
42149,IEIS EDUCATION GROUP - United Kingdom,The IEIS Education Group Ltd,108003150,
42154,THE STAND EDUCATION - Ho Chi Minh,,,N/A
42174,NANJING XUENENG EDUCATION INFORMATION CONSULTING CO - Nanjing,Nanjing XUENENG Education Information Consulting C,108003171,
42180,ORIENTAL MIGRATION AND EDUCATION CENTRE LIMITED - Zhengzhou,Beijing New Oriental Vision Overseas Consulting Co,108002459,
42233,AGS-ADVANCE GLOBAL STUDY - Vietnam,,,N/A
42243,GLOBAL STUDY PARTNERS - Sydney,Global Study Partners Pty Ltd,108003278,
42259,COMPASS INTERNATIONAL EDUCATION CONSULTANT - Jakarta,,,N/A
42267,AUG - Segamat,AusEd-UniEd International Pty Ltd,A108000045,
42273,DISCOVER MATRIX - New Delhi,Discover Matrix Pty Ltd,108003478,
42310,IDP EDUCATION - Jaipur,IDP Education Pty Ltd,A108000222,
42326,EIC GROUP - Brisbane,EIC Group Ltd,A108000913,
42327,GO STUDY AUSTRALIA - Brisbane,Go Study Australia,108001252,
42328,I WORLD INTERNATIONAL GROUP PTY LTD - Brisbane,I World International Group Pty Ltd,108001210,
42332,AUSSIZZ GROUP - Melbourne,AUSSIZZ GROUP - Melbourne,108003480,
42337,YES EDUCATION GROUP - China,Yes Corporate Group Pty Ltd,108003186,
42345,Study International UK - India,SI-Study International,108001957,N/A
42385,AUSTRALIA EDUCATIONAL DEVELOPMENT GROUP PTY LTD - Beijing,,,N/A
42431,HELLO STUDY - Brazil,,,N/A
42454,"SPEAKUNITED, INC. - Cebu",,,N/A
42466,AMET EDUCATION - Sunnybank,AMET Education Pty Ltd,108002648,
42475,IDP EDUCATION - Vijayawada,IDP Education Pty Ltd,A108000222,
42522,LINK AUSTRALIA INTERNATIONAL STUDENT SERVICE CENTRE - Seoul,Link Australia,108003539,
42528,PDVL OVERSEAS ADVISORY - Kuala Lumpur,PDVL Overseas Advisory Sdn Bhd,108003277,
42537,UHAKLOVE - Daegu,Uhaklove,108003444,
42547,AMET EDUCATION - Brisbane,AMET Education Pty Ltd,108002648,
42556,WORLD STUDY - Vitória,,,N/A
42656,SET EDUCATION - Melbourne,SET Education,A108001645,
42766,AS STUDENT SERVICES - Indonesia,AS Student Service,A108000038,
42773,SUPERSTAR EDUCATION - Indonesia,Superstar Education,108002038,
42783,KAILIAN PTY LTD - Sydney,Kailian Education Services,A108003656,
42789,HOJUHELPER EDUCATION CENTRE - Busan,Hojuhelper Education Centre,A108001125,
42791,GATEWAY ABROAD - Kolkata,,,N/A
42811,CAN-ABLE IMMIGRATION CONSULTANTS - India,Can-able Immigration Consultants,108003264,
42862,MONKEY KING STUDENT SERVICE CENTRE - Sydney,Monkey King Student Service Centre P/L,108003240,
42909,SHINYWAY EDUCATION - Xi'an,Shinyway International,A108001397,
42932,QUALIFY ME - Sydney,Qualify Me,108003237,
42936,The Best Language & Education Centre Limited - Thailand,The Best Language & Education Centre,A1080036716,
43031,AVENUE TO SUCCESS COMPANY LIMITED (ATS) - Hanoi,Avenue to Success (ATS) Company Limited,108002183,
43034,SET EDUCATION - Chinatown,SET Education,A108001645,
43036,DUC ANH OVERSEAS STUDY ADVISORY & TRANSLATION Joint Stock Company - Ho Chi Minh,Duc Anh Advisory & Translation Edu,108001013,
43069,ABC AUSTRALIA EDUCATION CENTRE - Brisbane,,,N/A
43076,Vanguard Education Consultancy - Xiamen Office,Vanguard Education Consultancy (VEC),108002017,
43140,UNIGLOBAL EDUCATION PTD LTD - Singapore,UniGlobal Education Pte Ltd,108003550,
43152,SPIIBLE - Melbourne,Spiible Pty Ltd,108003307,
43153,DONG THINH CONSULTING COMPANY LIMITED - Ho Chi Minh,,,N/A
43164,CONNECT 360 JOINT STOCK COMPANY - Ho Chi Minh,Connect 360 Joint Stock Company,108002317,
43166,STUDY LINK COMPANY LIMITED - Da Nang,StudyLink,108000392,
43171,GSE-BEO (GLOBAL EDUCATION SERVICES COMPANY LIMITED) - Ho Chi Minh,,,N/A
43173,"EDUCATION FOR LIFE CO., LTD - Phayathai",Education For Life Co. Ltd,A108001482,
43174,CP and CO International Pty Ltd - Chiang Mai,,,N/A
43178,AECC GLOBAL - Cebu,AECC Global,108002631,
43180,AECC GLOBAL - General Santos,AECC Global,108002631,
43217,IDP EDUCATION - Medan,IDP Education Pty Ltd,A108000222,
43351,IDP EDUCATION - Lucknow,IDP Education Pty Ltd,A108000222,
43352,Uhakn,Uhakn,108003457,
43370,EDUCATION CENTER PTY.LTD.,,,N/A
43481,IDP EDUCATION - Nepal,IDP Education Pty Ltd,A108000222,
43483,ACHIEVE-VIA EDUCATION - Sri Lanka,Achieve-Via Education (Pvt) Ltd,108003565,
43490,NEW ORIENTAL VISION OVERSEAS CONSULTING CO LTD -Sydney,AOES (Austral Oriental Education Service Pty Ltd),A108001721,
43563,OZSKY INTERNATIONAL-Brisbane,Ozsky International Pty Ltd,108002073,
43581,U and I Global-Busan,U and I Australia,A108000424,
43624,LIUCHENG INTERNATIONAL GROUP LIMITED - Shanghai,Liu Cheng International Group Limited,A108003664,
43676,OH! STUDY EDUCATION CENTRE - Taichung,OH! Study Education Consulting Center,108001812,
43688,AUSTRALIAN MULTICULTRAL EDUCATION CENTRE - Taipei,Australian Multicultural Education Centre (AMEC) ,108003435,
43726,STUDY METRO PVT. LTD - India,StudyMetro Edu Consultant Pvt,108003470,
43733,YES INTERNATIONAL PTY LTD ATF YUAN FAMILY TRUST - QLD,YES International Pty Ltd T/A Yuan Family Trust,108002103,
43744,Ozsky International --Chongqing,Ozsky International Pty Ltd,108002073,
43796,LOEKITO EDUCATION GROUP - Indonesia,CV LOEKITO EDUCATION GROUP,A1080036706,
43862,Edlink+Connex Melbourne,Edlink ,108000140,
43878,ENVISION OVERSEAS EDUCATION CONSULTANTS LLP - India,Envision Overseas education Consultant LLP,108003551,
43887,EXPERT EDUCATION AND VISA SERVICES - Brisbane,Expert Education & Visa Services,108003455,
43937,EduEnroute Overseas,,,N/A
43983,YES EDUCATION GROUP - Malaysia,Yes Corporate Group Pty Ltd,108003186,
43990,Azent Overseas Education,AZENT Education,A108003606,
44001,G.R.O.W Uhak - Seoul,Grow Uhak,108003471,
44026,AVSS EDUCATION PROGRESS -Sydney,AVSS Sydney,A108001483,
44048,IDP EDUCATION - Wuhan,IDP Education Pty Ltd,A108000222,
44119,APPLYBOARD INC - Canada,ApplyBoard Inc,A108003600,
44150,GLOCAL EDUCATION SERVICES CENTRE (GES) - Hong Kong,GES Glocal Education Services Limited,108003583,
44194,CHEFCREW PTY LTD - Sydney,Chefcrew,108003490,
44203,AC and T EDUCATION- Sydney,AC&T International P/L,108001500,
44211,AEES Global - Melbourne,AEES Global Education,108003722,
44302,AAS EDUCATION SERVICES - Brisbane,AAS Education Consultancy,108001425,
45407,Smart Study Australia,Smart Study Australia - Sydney,108003508,
45408,CECA (Career Education Consultancy Australia),Career Education Consultancy Australia(CECA),108003505,
45660,EXPERT EDUCATION AND VISA SERVICES - Myanmar,Expert Education & Visa Services,108003455,
45670,EDUYOUNG.COM-Sydney,EduYoung.com,A108001716,
45680,IS EDUCATION - Tainan,,,N/A
45693,CV Universal Study Abroad Indonesia - Jakarta,,,N/A
45772,AIM International Pty Ltd,AIM International Education Co.Ltd,108001954,
45786,GEA GLOBAL EDUCATION ALLIANCE - Malaysia,Global Education Alliance Limited,A108001116,
45808,IDP EDUCATION - Nagpur,IDP Education Pty Ltd,A108000222,
45875,HAYS MIGRATION - Adelaide,Hays Migration,A108003652,
45881,Maven Consulting Group - Melbourne,Maven Consulting Group ,A108003587,
45931,Liu Cheng International Group - India,Liu Cheng International Group Limited,A108003664,
45951,SAGA STUDIES - Melbourne,SAGA Studies Pty. Ltd.,A108003631,
45952,M Square Business (MSM),,,N/A
46006,LeadingMec (LEADING INTERNATIONAL EDUCATION PTY LTD),LeadingMec Migration & Education Consulting,A108003653,
46016,IDP Indonesia,IDP Education Pty Ltd,A108000222,
46032,Gradstar Global Education,Gradstar Global Education,108003806,N/A
46044,Compass Education and Migration Pty Ltd - Adelaide,Compass Education And Migration,A108003597,
46050,Tbmango Pty Ltd,TBMango Pty Ltd,A108003690,
46075,Australia Pathway Consulting,,,N/A
46109,Vision First Consulting,Vision First Consulting Group,A108003642,
46129,IDP Nigeria,IDP Education Pty Ltd,A108000222,
46144,ADVENTUS EDUCATION,Adventus Education (Private) Ltd,108002431,
46170,Expert Education and Visa Services - Melbourne,Expert Education & Visa Services,108003455,
46224,MONKEY KING STUDENT SERVICE CENTRE - Adelaide,Monkey King Student Service Centre P/L,108003240,
46226,Compass Education and Migration Pty Ltd-Sydney,Compass Education And Migration,A108003597,
46233,LIUCHENG INTERNATIONAL GROUP LIMITED - Beijing,Liu Cheng International Group Limited,A108003664,
46253,IDP Education - Kenya,IDP Education Pty Ltd,A108000222,
46262,International Group for Educational Consultancy (IGEC),,,N/A
46300,IDP EDUCATION - Dehradun,IDP Education Pty Ltd,A108000222,
46335,Overseas Education Singapore,,,N/A
46347,One Education Consulting - Bangkok,,,N/A
46376,D2K MATE,,,N/A
46382,Degrees Plus Australia,,,N/A
46392,UpGradGSP- Ho Chi Minh,,,N/A
46396,YES EDUCATION GROUP - Vietnam,Yes Corporate Group Pty Ltd,108003186,
46408,Edutravel International,EduTravel International PTY LTD,108003688,
46427,Education Options Australia Pty Ltd,,,N/A
46457,New Zealand Gateway,,,N/A
46463,Pillars and Bloom,,,N/A
46464,Expert Education and Visa Services - Cambodia,Expert Education & Visa Services,108003455,
46480,West 1 - Brisbane,WEST 1 - Melbourne,108003469,
46487,IDP Education Ltd - Hai Phong,IDP Education Pty Ltd,A108000222,
46537,Active Study Global Pty Ltd (Trading as Active Study Australia),,,N/A
46539,AECC GLOBAL - Vietnam,AECC Global,108002631,
46541,iae GLOBAL - Vietnam,IAE EDU NET - SYDNEY,108002694,
46545,Leap GeeBee Edtech Private Ltd - Vietnam,Leap Geebee Edtech Private Limited,A108003654,
46547,AECC Global- Bangladesh,AECC Global,108002631,
46572,ENC EDUCATION - South Korea,EnC Education,108003726,
46600,"Classy Education Co.,Ltd - Laos",,,N/A
46658,EXPERT EDUCATION AND VISA SERVICES - Thailand,Expert Education & Visa Services,108003455,
46676,I WORLD INTERNATIONAL GROUP - Melbourne,I World Global - Sydney,108003502,
46704,OPSA INTERNATIONAL STUDIES,OPSA INTERNATIONAL STUDIES ,108003716,
46747,Ana Galdino Assessoria,,,N/A
46780,Uhak Station - Brisbane,Uhak Station,A108000604,
46785,SUPERSTAR EDUCATION - Cambodia,Superstar Education,108002038,
46814,YES Education - Thailand,Yes Corporate Group Pty Ltd,108003186,
46872,IDP EDUCATION - Bhopal,IDP Education Pty Ltd,A108000222,
46873,Education Republic - Indonesia,,,N/A
46890,AIG Education Group,AIG Education Group,A1080036719,
46902,GEA GLOBAL EDUCATION ALLIANCE,Global Education Alliance Limited,A108001116,
47113,IDP EDUCATION - Bhubaneshwar Branch,IDP Education Pty Ltd,A108000222,
47254,BRIDGE BLUE Pty Ltd - Philippines,Bridge Blue Pty Ltd,A108000621,
47423,Career Education Consultancy Australia (CECA) Melbourne,Career Education Consultancy Australia(CECA),108003505,
47497,GLOBAL STUDY PARTNERS - VIETNAM,Global Study Partners Pty Ltd,108003278,
46377,StudyCo Riyadh,StudyCo,18003807,
